Workbook

Sheet data_final
A1: t | B1: delta_ln_ct | C1: y_t^d | D1: r_t^cp | E1: r_t^lp | F1: delta_u_t | G1: gap_y^d | H1: AL_t-1 | I1: IA_t-1 | J1: ln_yt | K1: ln_ct-1
A2: 31778 | C2: 6516.465 | D2: 2.6875294 | E2: 3.5793108 | J2: =LN(C2) -> 8.7820873
A3: 31868 | B3: =DATOS_BRUTOS!M3-DATOS_BRUTOS!M2 -> 0.015459672 | C3: 6449.165 | D3: 2.4890473 | E3: 4.1507754 | F3: -0.33333333 | H3: 24.582886 | J3: =LN(C3) -> 8.7717059 | K3: =B2 -> 0
A4: 31959 | B4: =DATOS_BRUTOS!M4-DATOS_BRUTOS!M3 -> 0.013347681 | C4: 6565.052 | D4: 2.4072696 | E4: 4.4539869 | F4: -0.26666667 | H4: 24.514079 | I4: 17442719 | J4: =LN(C4) -> 8.7895157 | K4: =B3 -> 0.015459672
A5: 32051 | B5: =DATOS_BRUTOS!M5-DATOS_BRUTOS!M4 -> 0.0028168107 | C5: 6659.742 | D5: 3.1668136 | E5: 4.687983 | F5: -0.16666667 | G5: 112.136 | H5: 24.406872 | I5: 17926176 | J5: =LN(C5) -> 8.803836 | K5: =B4 -> 0.013347681
A6: 32143 | B6: =DATOS_BRUTOS!M6-DATOS_BRUTOS!M5 -> 0.017793912 | C6: 6769.32 | D6: 2.6763225 | E6: 4.2488309 | F6: -0.13333333 | G6: 158.50025 | H6: 24.451227 | I6: 18336577 | J6: =LN(C6) -> 8.8201559 | K6: =B5 -> 0.0028168107
A7: 32234 | B7: =DATOS_BRUTOS!M7-DATOS_BRUTOS!M6 -> 0.0083340365 | C7: 6846.743 | D7: 2.9466913 | E7: 4.5212363 | F7: -0.23333333 | G7: 136.52875 | H7: 24.687481 | I7: 18643587 | J7: =LN(C7) -> 8.8315283 | K7: =B6 -> 0.017793912
A8: 32325 | B8: =DATOS_BRUTOS!M8-DATOS_BRUTOS!M7 -> 0.0089922041 | C8: 6916.391 | D8: 3.038948 | E8: 4.5619859 | F8: 0 | G8: 118.342 | H8: 24.879714 | I8: 19122046 | J8: =LN(C8) -> 8.8416494 | K8: =B7 -> 0.0083340365
A9: 32417 | B9: =DATOS_BRUTOS!M9-DATOS_BRUTOS!M8 -> 0.013236569 | C9: 6982.304 | D9: 3.1446435 | E9: 4.4795516 | F9: -0.13333333 | G9: 103.6145 | H9: 24.807003 | I9: 19528780 | J9: =LN(C9) -> 8.8511342 | K9: =B8 -> 0.0089922041
A10: 32509 | B10: =DATOS_BRUTOS!M10-DATOS_BRUTOS!M9 -> 0.0053845027 | C10: 7057.801 | D10: 3.3764941 | E10: 4.8562653 | F10: -0.13333333 | G10: 106.99125 | H10: 24.753948 | I10: 19910435 | J10: =LN(C10) -> 8.8618888 | K10: =B9 -> 0.013236569
A11: 32599 | B11: =DATOS_BRUTOS!M11-DATOS_BRUTOS!M10 -> 0.0076020278 | C11: 7034.622 | D11: 4.3389703 | E11: 4.6372927 | F11: 0.033333333 | G11: 36.8425 | H11: 24.612535 | I11: 20439984 | J11: =LN(C11) -> 8.8585992 | K11: =B10 -> 0.0053845027
A12: 32690 | B12: =DATOS_BRUTOS!M12-DATOS_BRUTOS!M11 -> 0.0089585888 | C12: 7080.9 | D12: 3.8685506 | E12: 4.0063668 | F12: 0 | G12: 41.99325 | H12: 24.388041 | I12: 20817953 | J12: =LN(C12) -> 8.8651563 | K12: =B11 -> 0.0076020278
A13: 32782 | B13: =DATOS_BRUTOS!M13-DATOS_BRUTOS!M12 -> 0.0051174819 | C13: 7141.774 | D13: 3.906379 | E13: 4.1189947 | F13: 0.13333333 | G13: 62.99975 | H13: 24.663724 | I13: 20867937 | J13: =LN(C13) -> 8.8737165 | K13: =B12 -> 0.0089585888
A14: 32874 | B14: =DATOS_BRUTOS!M14-DATOS_BRUTOS!M13 -> 0.010869532 | C14: 7198.988 | D14: 3.8737188 | E14: 4.3488395 | F14: -0.066666667 | G14: 84.917 | H14: 24.893737 | I14: 21150025 | J14: =LN(C14) -> 8.8816957 | K14: =B13 -> 0.0051174819
A15: 32964 | B15: =DATOS_BRUTOS!M15-DATOS_BRUTOS!M14 -> 0.0020495644 | C15: 7252.12 | D15: 4.185678 | E15: 4.579945 | F15: 0.033333333 | G15: 83.6745 | H15: 24.827193 | I15: 21028278 | J15: =LN(C15) -> 8.8890491 | K15: =B14 -> 0.010869532
A16: 33055 | B16: =DATOS_BRUTOS!M16-DATOS_BRUTOS!M15 -> 0.0085087727 | C16: 7253.072 | D16: 3.6816753 | E16: 4.3036984 | F16: 0.36666667 | G16: 41.5835 | H16: 24.789637 | I16: 21472372 | J16: =LN(C16) -> 8.8891804 | K16: =B15 -> 0.0020495644
... A154: 45658 | B154: =DATOS_BRUTOS!M154-DATOS_BRUTOS!M153 -> 0.0016730927 | C154: 17721.929 | D154: 1.7431407 | E154: 1.9807988 | F154: -0.033333333 | G154: 137.0015 | H154: 0 | I154: 167260708 | J154: =LN(C154) -> 9.7825581 | K154: =B153 -> 0.0089934767
A155: 45748 | B155: =DATOS_BRUTOS!M155-DATOS_BRUTOS!M154 -> 0.0036911284 | C155: 17851.463 | D155: 1.2655642 | E155: 1.73529 | F155: 0.066666667 | G155: 177.9675 | H155: 0 | J155: =LN(C155) -> 9.7898407 | K155: =B154 -> 0.0016730927
H156: 0

Sheet DATOS_BRUTOS
A1: observation_date | B1: Renta disponible | C1: r_CP | D1: r_LP | E1: unemployment | F1: M3 | G1: house | H1: PIB | I1: %Consumo | J1: Consumo | K1: DEFLACTOR | L1: M3_REAL_BILLIONS | M1: LN(ct) | N1: y^d medio ultimo año
A2: 31778 | B2: 6516.465 | C2: 2.6875294 | D2: 3.5793108 | E2: 6.6 | F2: 2.7483667e+12 | H2: 8986.367 | I2: 63.2 | J2: 5679.3839 | K2: 111.8 | L2: 24.582886 | M2: =LN(J2) -> 8.644598 | O2: =F2/(10^9) -> 2748.3667 | P2: =O2/K2 -> 24.582886 | R2: 111.8
A3: 31868 | B3: 6449.165 | C3: 2.4890473 | D3: 4.1507754 | E3: 6.2666667 | F3: 2.7717333e+12 | H3: 9083.256 | I3: 63.5 | J3: 5767.8676 | K3: 113.067 | L3: 24.514079 | M3: =LN(J3) -> 8.6600577 | O3: =F3/10^9 -> 2771.7333 | P3: =O3/K3 -> 24.514079 | R3: 113.067
A4: 31959 | B4: 6565.052 | C4: 2.4072696 | D4: 4.4539869 | E4: 6 | F4: 2788900000000 | H4: 9162.024 | I4: 63.8 | J4: 5845.3713 | K4: 114.267 | L4: 24.406872 | M4: =LN(J4) -> 8.6734054 | O4: =F4/10^9 -> 2788.9 | P4: =O4/K4 -> 24.406872 | R4: 114.267
A5: 32051 | B5: 6659.742 | C5: 3.1668136 | D5: 4.687983 | E5: 5.8333333 | F5: 2.8200333e+12 | G5: 17442719 | H5: 9319.332 | I5: 62.9 | J5: 5861.8598 | K5: 115.333 | L5: 24.451227 | M5: =LN(J5) -> 8.6762222 | N5: =AVERAGE(B2:B5) -> 6547.606 | O5: =F5/10^9 -> 2820.0333 | P5: =O5/K5 -> 24.451227 | R5: 115.333
A6: 32143 | B6: 6769.32 | C6: 2.6763225 | D6: 4.2488309 | E6: 5.7 | F6: 2869500000000 | G6: 17926176 | H6: 9367.502 | I6: 63.7 | J6: 5967.0988 | K6: 116.233 | L6: 24.687481 | M6: =LN(J6) -> 8.6940161 | N6: =AVERAGE(B3:B6) -> 6610.8198 | O6: =F6/10^9 -> 2869.5 | P6: =O6/K6 -> 24.687481 | R6: 116.233
A7: 32234 | B7: 6846.743 | C7: 2.9466913 | D7: 4.5212363 | E7: 5.4666667 | F7: 2.9250333e+12 | G7: 18336577 | H7: 9490.594 | I7: 63.4 | J7: 6017.0366 | K7: 117.567 | L7: 24.879714 | M7: =LN(J7) -> 8.7023502 | N7: =AVERAGE(B4:B7) -> 6710.2143 | O7: =F7/10^9 -> 2925.0333 | P7: =O7/K7 -> 24.879714 | R7: 117.567
A8: 32325 | B8: 6916.391 | C8: 3.038948 | D8: 4.5619859 | E8: 5.4666667 | F8: 2.9520333e+12 | G8: 18643587 | H8: 9546.206 | I8: 63.6 | J8: 6071.387 | K8: 119 | L8: 24.807003 | M8: =LN(J8) -> 8.7113424 | N8: =AVERAGE(B5:B8) -> 6798.049 | O8: =F8/10^9 -> 2952.0333 | P8: =O8/K8 -> 24.807003 | R8: 119
A9: 32417 | B9: 6982.304 | C9: 3.1446435 | D9: 4.4795516 | E9: 5.3333333 | F9: 2977900000000 | G9: 19122046 | H9: 9673.405 | I9: 63.6 | J9: 6152.2856 | K9: 120.3 | L9: 24.753948 | M9: =LN(J9) -> 8.7245789 | N9: =AVERAGE(B6:B9) -> 6878.6895 | O9: =F9/10^9 -> 2977.9 | P9: =O9/K9 -> 24.753948 | R9: 120.3
A10: 32509 | B10: 7057.801 | C10: 3.3764941 | D10: 4.8562653 | E10: 5.2 | F10: 2.9945333e+12 | G10: 19528780 | H10: 9771.725 | I10: 63.3 | J10: 6185.5019 | K10: 121.667 | L10: 24.612535 | M10: =LN(J10) -> 8.7299634 | N10: =AVERAGE(B7:B10) -> 6950.8098 | O10: =F10/10^9 -> 2994.5333 | P10: =O10/K10 -> 24.612535 | R10: 121.667
A11: 32599 | B11: 7034.622 | C11: 4.3389703 | D11: 4.6372927 | E11: 5.2333333 | F11: 3.0151667e+12 | G11: 19910435 | H11: 9846.293 | I11: 63.3 | J11: 6232.7035 | K11: 123.633 | L11: 24.388041 | M11: =LN(J11) -> 8.7375655 | N11: =AVERAGE(B8:B11) -> 6997.7795 | O11: =F11/10^9 -> 3015.1667 | P11: =O11/K11 -> 24.388041 | R11: 123.633
A12: 32690 | B12: 7080.9 | C12: 3.8685506 | D12: 4.0063668 | E12: 5.2333333 | F12: 3073100000000 | G12: 20439984 | H12: 9919.228 | I12: 63.4 | J12: 6288.7906 | K12: 124.6 | L12: 24.663724 | M12: =LN(J12) -> 8.7465241 | N12: =AVERAGE(B9:B12) -> 7038.9068 | O12: =F12/10^9 -> 3073.1 | P12: =O12/K12 -> 24.663724 | R12: 124.6
A13: 32782 | B13: 7141.774 | C13: 3.906379 | D13: 4.1189947 | E13: 5.3666667 | F13: 3133300000000 | G13: 20817953 | H13: 9938.767 | I13: 63.6 | J13: 6321.0558 | K13: 125.867 | L13: 24.893737 | M13: =LN(J13) -> 8.7516415 | N13: =AVERAGE(B10:B13) -> 7078.7743 | O13: =F13/10^9 -> 3133.3 | P13: =O13/K13 -> 24.893737 | R13: 125.867
A14: 32874 | B14: 7198.988 | C14: 3.8737188 | D14: 4.3488395 | E14: 5.3 | F14: 3178700000000 | G14: 20867937 | H14: 10047.386 | I14: 63.6 | J14: 6390.1375 | K14: 128.033 | L14: 24.827193 | M14: =LN(J14) -> 8.7625111 | N14: =AVERAGE(B11:B14) -> 7114.071 | O14: =F14/10^9 -> 3178.7 | P14: =O14/K14 -> 24.827193 | R14: 128.033
A15: 32964 | B15: 7252.12 | C15: 4.185678 | D15: 4.579945 | E15: 5.3333333 | F15: 3205300000000 | G15: 21150025 | H15: 10083.855 | I15: 63.5 | J15: 6403.2479 | K15: 129.3 | L15: 24.789637 | M15: =LN(J15) -> 8.7645606 | N15: =AVERAGE(B12:B15) -> 7168.4455 | O15: =F15/10^9 -> 3205.3 | P15: =O15/K15 -> 24.789637 | R15: 129.3
A16: 33055 | B16: 7253.072 | C16: 3.6816753 | D16: 4.3036984 | E16: 5.7 | F16: 3.2403667e+12 | G16: 21028278 | H16: 10090.569 | I16: 64 | J16: 6457.9642 | K16: 131.533 | L16: 24.635389 | M16: =LN(J16) -> 8.7730694 | N16: =AVERAGE(B13:B16) -> 7211.4885 | O16: =F16/10^9 -> 3240.3667 | P16: =O16/K16 -> 24.635389 | R16: 131.533
... A149: 45200 | B149: 17216.52 | C149: 2.5306747 | D149: 1.9525628 | E149: 3.8 | F149: 20746500000000 | G149: 147872412 | H149: 22960.6 | I149: 67.7 | J149: 15544.326 | K149: 308.158 | L149: 67.32423 | M149: =LN(J149) -> 9.651451 | N149: =AVERAGE(B146:B149) -> 17052.474 | O149: =F149/10^9 -> 20746.5 | P149: =O149/K149 -> 67.32423 | R149: 308.158
A150: 45292 | B150: 17451.796 | C150: 2.6460953 | D150: 1.7412213 | E150: 3.8333333 | G150: 154347745 | H150: 23053.545 | I150: 67.9 | J150: 15653.357 | K150: 310.974 | M150: =LN(J150) -> 9.6584407 | N150: =AVERAGE(B147:B150) -> 17194.089 | O150: =F150/10^9 -> 0 | P150: =O150/K150 -> 0 | R150: 310.974
A151: 45383 | B151: 17497.191 | C151: 2.1184688 | D151: 2.0137198 | E151: 4 | G151: 157319013 | H151: 23223.906 | I151: 67.8 | J151: 15745.808 | K151: 313.096 | M151: =LN(J151) -> 9.6643295 | N151: =AVERAGE(B148:B151) -> 17312.081 | O151: =F151/10^9 -> 0 | P151: =O151/K151 -> 0 | R151: 313.096
A152: 45474 | B152: 17506.381 | C152: 2.4997732 | D152: 1.7647222 | E152: 4.1666667 | G152: 161382988 | H152: 23400.294 | I152: 67.9 | J152: 15888.8 | K152: 314.183 | M152: =LN(J152) -> 9.6733697 | N152: =AVERAGE(B149:B152) -> 17417.972 | O152: =F152/10^9 -> 0 | P152: =O152/K152 -> 0 | R152: 314.183
A153: 45566 | B153: 17614.209 | C153: 1.9533248 | D153: 1.7543113 | E153: 4.1333333 | G153: 161923114 | H153: 23542.349 | I153: 68.1 | J153: 16032.34 | K153: 316.539 | M153: =LN(J153) -> 9.6823632 | N153: =AVERAGE(B150:B153) -> 17517.394 | O153: =F153/10^9 -> 0 | P153: =O153/K153 -> 0 | R153: 316.539
A154: 45658 | B154: 17721.929 | C154: 1.7431407 | D154: 1.9807988 | E154: 4.1 | G154: 160227796 | H154: 23512.717 | I154: 68.3 | J154: 16059.186 | K154: 319.492 | M154: =LN(J154) -> 9.6840363 | N154: =AVERAGE(B151:B154) -> 17584.928 | O154: =F154/10^9 -> 0 | P154: =O154/K154 -> 0 | R154: 319.492
A155: 45748 | B155: 17851.463 | C155: 1.2655642 | D155: 1.73529 | E155: 4.1666667 | G155: 167260708 | H155: 23703.782 | I155: 68 | J155: 16118.572 | K155: 320.8 | M155: =LN(J155) -> 9.6877274 | N155: =AVERAGE(B152:B155) -> 17673.496 | O155: =F155/10^9 -> 0 | P155: =O155/K155 -> 0 | R155: 320.8
