Workbook

Sheet renta
A1: Tº | B1: Renta disponible | C1: r_CP | D1: r_LP | E1: unemployment | F1: M3 | G1: house
A2: 31778 | B2: 6516.465 | C2: 2.6875294 | D2: =AVERAGE(OFFSET(r_LP!$B$2,(ROW(A1)-1)*3,0,3,1)) -> 3.5793108 | E2: =AVERAGE(OFFSET(unemployment!$B$2,(ROW(A1)-1)*3,0,3,1)) -> 6.6 | F2: =AVERAGE(OFFSET('M3'!$B$2,(ROW(A1)-1)*3,0,3,1)) -> 2.7483667e+12
A3: 31868 | B3: 6449.165 | C3: 2.4890473 | D3: =AVERAGE(OFFSET(r_LP!$B$2,(ROW(A2)-1)*3,0,3,1)) -> 4.1507754 | E3: =AVERAGE(OFFSET(unemployment!$B$2,(ROW(A2)-1)*3,0,3,1)) -> 6.2666667 | F3: =AVERAGE(OFFSET('M3'!$B$2,(ROW(A2)-1)*3,0,3,1)) -> 2.7717333e+12
A4: 31959 | B4: 6565.052 | C4: 2.4072696 | D4: =AVERAGE(OFFSET(r_LP!$B$2,(ROW(A3)-1)*3,0,3,1)) -> 4.4539869 | E4: =AVERAGE(OFFSET(unemployment!$B$2,(ROW(A3)-1)*3,0,3,1)) -> 6 | F4: =AVERAGE(OFFSET('M3'!$B$2,(ROW(A3)-1)*3,0,3,1)) -> 2788900000000
A5: 32051 | B5: 6659.742 | C5: 3.1668136 | D5: =AVERAGE(OFFSET(r_LP!$B$2,(ROW(A4)-1)*3,0,3,1)) -> 4.687983 | E5: =AVERAGE(OFFSET(unemployment!$B$2,(ROW(A4)-1)*3,0,3,1)) -> 5.8333333 | F5: =AVERAGE(OFFSET('M3'!$B$2,(ROW(A4)-1)*3,0,3,1)) -> 2.8200333e+12 | G5: 17442719
A6: 32143 | B6: 6769.32 | C6: 2.6763225 | D6: =AVERAGE(OFFSET(r_LP!$B$2,(ROW(A5)-1)*3,0,3,1)) -> 4.2488309 | E6: =AVERAGE(OFFSET(unemployment!$B$2,(ROW(A5)-1)*3,0,3,1)) -> 5.7 | F6: =AVERAGE(OFFSET('M3'!$B$2,(ROW(A5)-1)*3,0,3,1)) -> 2869500000000 | G6: 17926176
A7: 32234 | B7: 6846.743 | C7: 2.9466913 | D7: =AVERAGE(OFFSET(r_LP!$B$2,(ROW(A6)-1)*3,0,3,1)) -> 4.5212363 | E7: =AVERAGE(OFFSET(unemployment!$B$2,(ROW(A6)-1)*3,0,3,1)) -> 5.4666667 | F7: =AVERAGE(OFFSET('M3'!$B$2,(ROW(A6)-1)*3,0,3,1)) -> 2.9250333e+12 | G7: 18336577
A8: 32325 | B8: 6916.391 | C8: 3.038948 | D8: =AVERAGE(OFFSET(r_LP!$B$2,(ROW(A7)-1)*3,0,3,1)) -> 4.5619859 | E8: =AVERAGE(OFFSET(unemployment!$B$2,(ROW(A7)-1)*3,0,3,1)) -> 5.4666667 | F8: =AVERAGE(OFFSET('M3'!$B$2,(ROW(A7)-1)*3,0,3,1)) -> 2.9520333e+12 | G8: 18643587
A9: 32417 | B9: 6982.304 | C9: 3.1446435 | D9: =AVERAGE(OFFSET(r_LP!$B$2,(ROW(A8)-1)*3,0,3,1)) -> 4.4795516 | E9: =AVERAGE(OFFSET(unemployment!$B$2,(ROW(A8)-1)*3,0,3,1)) -> 5.3333333 | F9: =AVERAGE(OFFSET('M3'!$B$2,(ROW(A8)-1)*3,0,3,1)) -> 2977900000000 | G9: 19122046
A10: 32509 | B10: 7057.801 | C10: 3.3764941 | D10: =AVERAGE(OFFSET(r_LP!$B$2,(ROW(A9)-1)*3,0,3,1)) -> 4.8562653 | E10: =AVERAGE(OFFSET(unemployment!$B$2,(ROW(A9)-1)*3,0,3,1)) -> 5.2 | F10: =AVERAGE(OFFSET('M3'!$B$2,(ROW(A9)-1)*3,0,3,1)) -> 2.9945333e+12 | G10: 19528780
A11: 32599 | B11: 7034.622 | C11: 4.3389703 | D11: =AVERAGE(OFFSET(r_LP!$B$2,(ROW(A10)-1)*3,0,3,1)) -> 4.6372927 | E11: =AVERAGE(OFFSET(unemployment!$B$2,(ROW(A10)-1)*3,0,3,1)) -> 5.2333333 | F11: =AVERAGE(OFFSET('M3'!$B$2,(ROW(A10)-1)*3,0,3,1)) -> 3.0151667e+12 | G11: 19910435
A12: 32690 | B12: 7080.9 | C12: 3.8685506 | D12: =AVERAGE(OFFSET(r_LP!$B$2,(ROW(A11)-1)*3,0,3,1)) -> 4.0063668 | E12: =AVERAGE(OFFSET(unemployment!$B$2,(ROW(A11)-1)*3,0,3,1)) -> 5.2333333 | F12: =AVERAGE(OFFSET('M3'!$B$2,(ROW(A11)-1)*3,0,3,1)) -> 3073100000000 | G12: 20439984
A13: 32782 | B13: 7141.774 | C13: 3.906379 | D13: =AVERAGE(OFFSET(r_LP!$B$2,(ROW(A12)-1)*3,0,3,1)) -> 4.1189947 | E13: =AVERAGE(OFFSET(unemployment!$B$2,(ROW(A12)-1)*3,0,3,1)) -> 5.3666667 | F13: =AVERAGE(OFFSET('M3'!$B$2,(ROW(A12)-1)*3,0,3,1)) -> 3133300000000 | G13: 20817953
A14: 32874 | B14: 7198.988 | C14: 3.8737188 | D14: =AVERAGE(OFFSET(r_LP!$B$2,(ROW(A13)-1)*3,0,3,1)) -> 4.3488395 | E14: =AVERAGE(OFFSET(unemployment!$B$2,(ROW(A13)-1)*3,0,3,1)) -> 5.3 | F14: =AVERAGE(OFFSET('M3'!$B$2,(ROW(A13)-1)*3,0,3,1)) -> 3178700000000 | G14: 20867937
A15: 32964 | B15: 7252.12 | C15: 4.185678 | D15: =AVERAGE(OFFSET(r_LP!$B$2,(ROW(A14)-1)*3,0,3,1)) -> 4.579945 | E15: =AVERAGE(OFFSET(unemployment!$B$2,(ROW(A14)-1)*3,0,3,1)) -> 5.3333333 | F15: =AVERAGE(OFFSET('M3'!$B$2,(ROW(A14)-1)*3,0,3,1)) -> 3205300000000 | G15: 21150025
A16: 33055 | B16: 7253.072 | C16: 3.6816753 | D16: =AVERAGE(OFFSET(r_LP!$B$2,(ROW(A15)-1)*3,0,3,1)) -> 4.3036984 | E16: =AVERAGE(OFFSET(unemployment!$B$2,(ROW(A15)-1)*3,0,3,1)) -> 5.7 | F16: =AVERAGE(OFFSET('M3'!$B$2,(ROW(A15)-1)*3,0,3,1)) -> 3.2403667e+12 | G16: 21028278
... A149: 45200 | B149: 17216.52 | C149: 2.5306747 | D149: =AVERAGE(OFFSET(r_LP!$B$2,(ROW(A148)-1)*3,0,3,1)) -> 1.9525628 | E149: =AVERAGE(OFFSET(unemployment!$B$2,(ROW(A148)-1)*3,0,3,1)) -> 3.8 | F149: =AVERAGE(OFFSET('M3'!$B$2,(ROW(A148)-1)*3,0,3,1)) -> 20746500000000 | G149: 147872412
A150: 45292 | B150: 17451.796 | C150: 2.6460953 | D150: =AVERAGE(OFFSET(r_LP!$B$2,(ROW(A149)-1)*3,0,3,1)) -> 1.7412213 | E150: =AVERAGE(OFFSET(unemployment!$B$2,(ROW(A149)-1)*3,0,3,1)) -> 3.8333333 | G150: 154347745
A151: 45383 | B151: 17497.191 | C151: 2.1184688 | D151: =AVERAGE(OFFSET(r_LP!$B$2,(ROW(A150)-1)*3,0,3,1)) -> 2.0137198 | E151: =AVERAGE(OFFSET(unemployment!$B$2,(ROW(A150)-1)*3,0,3,1)) -> 4 | G151: 157319013
A152: 45474 | B152: 17506.381 | C152: 2.4997732 | D152: =AVERAGE(OFFSET(r_LP!$B$2,(ROW(A151)-1)*3,0,3,1)) -> 1.7647222 | E152: =AVERAGE(OFFSET(unemployment!$B$2,(ROW(A151)-1)*3,0,3,1)) -> 4.1666667 | G152: 161382988
A153: 45566 | B153: 17614.209 | C153: 1.9533248 | D153: =AVERAGE(OFFSET(r_LP!$B$2,(ROW(A152)-1)*3,0,3,1)) -> 1.7543113 | E153: =AVERAGE(OFFSET(unemployment!$B$2,(ROW(A152)-1)*3,0,3,1)) -> 4.1333333 | G153: 161923114
A154: 45658 | B154: 17721.929 | C154: 1.7431407 | D154: =AVERAGE(OFFSET(r_LP!$B$2,(ROW(A153)-1)*3,0,3,1)) -> 1.9807988 | E154: =AVERAGE(OFFSET(unemployment!$B$2,(ROW(A153)-1)*3,0,3,1)) -> 4.1 | G154: 160227796
A155: 45748 | B155: 17851.463 | C155: 1.2655642 | D155: =AVERAGE(OFFSET(r_LP!$B$2,(ROW(A154)-1)*3,0,3,1)) -> 1.73529 | E155: =AVERAGE(OFFSET(unemployment!$B$2,(ROW(A154)-1)*3,0,3,1)) -> 4.1666667 | G155: 167260708

Sheet r_CP
A1: observation_date | B1: REAINTRATREARAT1YE
A2: 31778 | B2: 2.4841329
A3: 31809 | B3: 2.2860399
A4: 31837 | B4: 3.2924154 | C4: =AVERAGE(B2:B4) -> 2.6875294
A5: 31868 | B5: 2.5040952 | C5: =AVERAGE(B3:B5) -> 2.6941835
A6: 31898 | B6: 2.1089003 | C6: =AVERAGE(B4:B6) -> 2.635137
A7: 31929 | B7: 2.8541465 | C7: =AVERAGE(B5:B7) -> 2.4890473
A8: 31959 | B8: 2.2699856 | C8: =AVERAGE(B6:B8) -> 2.4110108
A9: 31990 | B9: 2.5736129 | C9: =AVERAGE(B7:B9) -> 2.565915
A10: 32021 | B10: 2.3782102 | C10: =AVERAGE(B8:B10) -> 2.4072696
A11: 32051 | B11: 3.6536838
A12: 32082 | B12: 3.4340067
A13: 32112 | B13: 2.4127504
A14: 32143 | B14: 2.4716843
A15: 32174 | B15: 2.8574932
A16: 32203 | B16: 2.69979
A17: 32234 | B17: 2.8051164
A18: 32264 | B18: 2.9078451
A19: 32295 | B19: 3.1271125
A20: 32325 | B20: 2.519765
A21: 32356 | B21: 3.2387426
A22: 32387 | B22: 3.3583363
... A466: 45901 | B466: 1.1927621

Sheet r_LP
A1: observation_date | B1: REAINTRATREARAT10Y
A2: 31778 | B2: 3.6045657
A3: 31809 | B3: 3.5785813
A4: 31837 | B4: 3.5547854
A5: 31868 | B5: 3.7601992
A6: 31898 | B6: 4.3597144
A7: 31929 | B7: 4.3324127
A8: 31959 | B8: 4.2775286
A9: 31990 | B9: 4.4802318
A10: 32021 | B10: 4.6042002
A11: 32051 | B11: 4.9592418
A12: 32082 | B12: 4.5254317
A13: 32112 | B13: 4.5792755
... A466: 45901 | B466: 1.5604637

Sheet unemployment
A1: observation_date | B1: UNRATE
A2: 31778 | B2: 6.6
A3: 31809 | B3: 6.6
A4: 31837 | B4: 6.6
A5: 31868 | B5: 6.3
A6: 31898 | B6: 6.3
A7: 31929 | B7: 6.2
A8: 31959 | B8: 6.1
A9: 31990 | B9: 6
A10: 32021 | B10: 5.9
A11: 32051 | B11: 6
A12: 32082 | B12: 5.8
A13: 32112 | B13: 5.7
... A465: 45870 | B465: 4.3

Sheet M3
A1: observation_date | B1: MABMM301USM189S
A2: 31778 | B2: 2743900000000
A3: 31809 | B3: 2747500000000
A4: 31837 | B4: 2753700000000
A5: 31868 | B5: 2767700000000
A6: 31898 | B6: 2772900000000
A7: 31929 | B7: 2774600000000
A8: 31959 | B8: 2779000000000
A9: 31990 | B9: 2788200000000
A10: 32021 | B10: 2799500000000
A11: 32051 | B11: 2814800000000
A12: 32082 | B12: 2818900000000
A13: 32112 | B13: 2826400000000
... A444: 45231 | B444: 20767400000000

Sheet house
A1: observation_date | B1: BOGZ1FL192090005Q
A2: 32051 | B2: 17442719
A3: 32143 | B3: 17926176
A4: 32234 | B4: 18336577
A5: 32325 | B5: 18643587
A6: 32417 | B6: 19122046
A7: 32509 | B7: 19528780
A8: 32599 | B8: 19910435
A9: 32690 | B9: 20439984
A10: 32782 | B10: 20817953
A11: 32874 | B11: 20867937
A12: 32964 | B12: 21150025
A13: 33055 | B13: 21028278
... A152: 45748 | B152: 167260708
